shortcode,campaign,handle,likes,comments,reposts,posted,instagram_url,counts_hidden
DbN2yjmNqHZ,StarVille,tala.nn,28,0,,"July 25, 2026",https://www.instagram.com/p/DbN2yjmNqHZ/,
DXHw3n7iBN8,SVR Sun Secure,hebaaltaib98,28,11,,"April 14, 2026",https://www.instagram.com/p/DXHw3n7iBN8/,
DXH_rr6iCip,SVR Sun Secure,dr_zaina_alsebaei,53,12,,"April 14, 2026",https://www.instagram.com/p/DXH_rr6iCip/,
DX9Ok7ilzs1,SVR,svr_saudi,2,0,,"May 5, 2026",https://www.instagram.com/p/DX9Ok7ilzs1/,
DXT8UGzCtPz,SVR Sun Secure,samirahmoe77,53,2,,"April 19, 2026",https://www.instagram.com/p/DXT8UGzCtPz/,
DXFX3TKja5i,SVR Sun Secure,daliaasaharti111,328,20,,"April 13, 2026",https://www.instagram.com/p/DXFX3TKja5i/,
DXFDnfYiHIl,SVR,amal.ramadaan,176,37,,"April 13, 2026",https://www.instagram.com/p/DXFDnfYiHIl/,
DW6zCzAN15i,SVR Sun Secure,heidi_ahmed2,459,38,,"April 9, 2026",https://www.instagram.com/p/DW6zCzAN15i/,
DW1JJePjapG,SVR,noha.mgdi,198,103,,"April 7, 2026",https://www.instagram.com/p/DW1JJePjapG/,
DWmRBGwjRHM,SVR Sun Secure,daliaasaharti111,445,22,,"April 1, 2026",https://www.instagram.com/p/DWmRBGwjRHM/,
DWmP2RDDXj5,SVR,besh_7h,21,6,,"April 1, 2026",https://www.instagram.com/p/DWmP2RDDXj5/,
DWY86VhiOTy,SVR,hindalbaba,115,4,,"March 27, 2026",https://www.instagram.com/p/DWY86VhiOTy/,
DWc4bVziMLX,SVR Sun Secure,ahdabyamanii,25,0,,"March 28, 2026",https://www.instagram.com/p/DWc4bVziMLX/,
DWXgqwZjITK,SVR,shahoda_touch,579,9,,"March 26, 2026",https://www.instagram.com/p/DWXgqwZjITK/,
DU_PFdwkoDC,SVR,svr_saudi,20,0,,"February 20, 2026",https://www.instagram.com/p/DU_PFdwkoDC/,
DXUb2fEDfW_,SVR Sun Secure,mahahajibraheem,,193,6,"April 19, 2026",https://www.instagram.com/p/DXUb2fEDfW_/,yes
DXJdg3wtCve,SVR,foga.1980,33,0,,"April 15, 2026",https://www.instagram.com/p/DXJdg3wtCve/,
DW2_xMyjDHe,Other campaigns,beautydemoisellle,,2,4,"April 7, 2026",https://www.instagram.com/p/DW2_xMyjDHe/,yes
DW1PkEYDYS3,SVR,foga.1980,109,10,,"April 7, 2026",https://www.instagram.com/p/DW1PkEYDYS3/,
DYZoUjBMCet,Whites,its_me_sofia94,2819,112,,"May 16, 2026",https://www.instagram.com/p/DYZoUjBMCet/,
DYbuOP1CXm_,Alpha Plus,model.nour1,39,14,,"May 17, 2026",https://www.instagram.com/p/DYbuOP1CXm_/,
DYfohz6uprC,Alpha Plus,rimar.moe,,,2,"May 18, 2026",https://www.instagram.com/p/DYfohz6uprC/,yes
DYj5eh0IoLV,Alpha Plus,rimar.moe,,12,2,"May 20, 2026",https://www.instagram.com/p/DYj5eh0IoLV/,yes
DYkCSIvxQNq,Alpha Plus,ghufranhatim,97,9,,"May 20, 2026",https://www.instagram.com/p/DYkCSIvxQNq/,
DYmujXJs1sa,Alpha Plus,model_ibtissam,,8,2,"May 21, 2026",https://www.instagram.com/p/DYmujXJs1sa/,yes
DYm2tExNyHs,Ivatherm,heidi_ahmed2,408,26,,"May 21, 2026",https://www.instagram.com/p/DYm2tExNyHs/,
DYqAg8xKw6e,Alpha Plus,10anmar,,7,2,"May 22, 2026",https://www.instagram.com/p/DYqAg8xKw6e/,yes
DYnUjLNMILV,Alpha Plus,model.sarita7,25,15,,"May 21, 2026",https://www.instagram.com/p/DYnUjLNMILV/,
DXHCxIWCHmR,SVR Sun Secure,dona.335,,12,4,"April 14, 2026",https://www.instagram.com/p/DXHCxIWCHmR/,yes
DYqEFZzMW5j,Alpha Plus,randbadawi.official,84,79,,"May 22, 2026",https://www.instagram.com/p/DYqEFZzMW5j/,
DYsD_NMoWG5,Alpha Plus,model_aram_,,6,2,"May 23, 2026",https://www.instagram.com/p/DYsD_NMoWG5/,yes
DYswAg3qy39,Alpha Plus,heidi_ahmed2,720,22,,"May 23, 2026",https://www.instagram.com/p/DYswAg3qy39/,
DYuDGx8NoL3,Other campaigns,njla347,20,4,,"May 24, 2026",https://www.instagram.com/p/DYuDGx8NoL3/,
DYugrKPoXqA,Alpha Plus,model.mouhra369,56,14,,"May 24, 2026",https://www.instagram.com/p/DYugrKPoXqA/,
DYuydCqt1bL,Other campaigns,weam784,713,2,,"May 24, 2026",https://www.instagram.com/p/DYuydCqt1bL/,
DYvHY3jMomT,Alpha Plus,anharmii,8,0,,"May 24, 2026",https://www.instagram.com/p/DYvHY3jMomT/,
DYvM5p_IVd6,Alpha Plus,ghaidaa_ali,13,0,,"May 24, 2026",https://www.instagram.com/p/DYvM5p_IVd6/,
DYv_sO-t8im,Alpha Plus,weam784,271,1,,"May 24, 2026",https://www.instagram.com/p/DYv_sO-t8im/,
DYw5REvsNbr,Other campaigns,soso_benz_beauty_world,85,83,,"May 25, 2026",https://www.instagram.com/p/DYw5REvsNbr/,
DYxnD6du9qt,Alpha Plus,ahdabyamanii,12,0,,"May 25, 2026",https://www.instagram.com/p/DYxnD6du9qt/,
DYzL3v9uS6W,Other campaigns,loura_sakoul,819,4,,"May 26, 2026",https://www.instagram.com/p/DYzL3v9uS6W/,
DYzkMlAtKLh,Ivatherm,awsafalfares,741,2,,"May 26, 2026",https://www.instagram.com/p/DYzkMlAtKLh/,
DY2R9wgMWlH,Alpha Plus,model_dinadounia_,12,3,,"May 27, 2026",https://www.instagram.com/p/DY2R9wgMWlH/,
DY7ZLmcsY4p,Other campaigns,ahdabyamanii,13,0,,"May 29, 2026",https://www.instagram.com/p/DY7ZLmcsY4p/,
DWuGpfigkAy,SVR Sun Secure,rankandie9,14,7,,"April 4, 2026",https://www.instagram.com/p/DWuGpfigkAy/,
DWfAUxSgsY9,SVR,rankandie9,20,4,,"March 29, 2026",https://www.instagram.com/p/DWfAUxSgsY9/,
DZCQ2HasrF4,Other campaigns,,,,,,https://www.instagram.com/p/DZCQ2HasrF4/,
DZF-tIMMPdP,Other campaigns,ramaamodel,11,8,,"June 2, 2026",https://www.instagram.com/p/DZF-tIMMPdP/,
DZIlQqVCGDc,Alpha Plus,rankandie9,6,0,,"June 3, 2026",https://www.instagram.com/p/DZIlQqVCGDc/,
DZKgOOyIbKs,Alpha Plus,model.lilianaa,52,38,,"June 4, 2026",https://www.instagram.com/p/DZKgOOyIbKs/,
DZsLvHqNO4U,Ivatherm,ph_lutfi,330,23,,"June 17, 2026",https://www.instagram.com/p/DZsLvHqNO4U/,
DWbv8qKDFtG,SVR Sun Secure,najlaagashar,6,0,,"March 28, 2026",https://www.instagram.com/p/DWbv8qKDFtG/,
DWbvzzZjFgD,SVR,najlaagashar,5,0,,"March 28, 2026",https://www.instagram.com/p/DWbvzzZjFgD/,
DaJZGuCs0tu,StarVille,its_me_sofia94,3194,208,,"June 28, 2026",https://www.instagram.com/p/DaJZGuCs0tu/,
DaNXw1Lo2J0,Parkville,hindalbaba,22,4,,"June 30, 2026",https://www.instagram.com/p/DaNXw1Lo2J0/,
DaSqnAcM0iI,Other campaigns,officialrooa,225,3,,"July 2, 2026",https://www.instagram.com/p/DaSqnAcM0iI/,
DaVGujOKz2-,Other campaigns,awsafalfares,212,9,,"July 3, 2026",https://www.instagram.com/p/DaVGujOKz2-/,
DaLVkI3MjPV,Other campaigns,soso_benz_beauty_world,627,93,,"June 29, 2026",https://www.instagram.com/p/DaLVkI3MjPV/,
DadVmllo8Dl,Parkville,model.mouhra369,39,2,,"July 6, 2026",https://www.instagram.com/p/DadVmllo8Dl/,
DadSAoyt0aa,Parkville,33nabah,513,62,,"July 6, 2026",https://www.instagram.com/p/DadSAoyt0aa/,
DacoMVINhHj,Other campaigns,awsafalfares,440,4,,"July 6, 2026",https://www.instagram.com/p/DacoMVINhHj/,
Dafm2adsymz,Parkville,ahdabyamanii,10,0,,"July 7, 2026",https://www.instagram.com/p/Dafm2adsymz/,
Daf4q75NOqg,Parkville,33nabah,149,33,,"July 7, 2026",https://www.instagram.com/p/Daf4q75NOqg/,
DauINQuNM30,Parkville,tala.nn,25,0,,"July 12, 2026",https://www.instagram.com/p/DauINQuNM30/,
DavQvM3i0Tn,Other campaigns,model.nour1,48,7,,"July 13, 2026",https://www.instagram.com/p/DavQvM3i0Tn/,
DaxupiHNF6F,Parkville,mahahajibraheem,,82,3,"July 14, 2026",https://www.instagram.com/p/DaxupiHNF6F/,yes
Da2qmYYiqpt,SVR,,,,,,https://www.instagram.com/p/Da2qmYYiqpt/,
Da3DVYusUuv,Other campaigns,soso_benz_beauty_world,198,147,,"July 16, 2026",https://www.instagram.com/p/Da3DVYusUuv/,
Da-gNufMlAT,Other campaigns,officialrooa,108,4,,"July 19, 2026",https://www.instagram.com/p/Da-gNufMlAT/,
DbA_ZjID1VC,SVR,,,,,,https://www.instagram.com/p/DbA_ZjID1VC/,
DbD3AyaMhkb,Parkville,model.sarita7,18,0,,"July 21, 2026",https://www.instagram.com/p/DbD3AyaMhkb/,
DbS_kdntwyC,SVR Sun Secure,tala.nn,36,1,,"July 27, 2026",https://www.instagram.com/p/DbS_kdntwyC/,
DbaRuwoNVgG,Other campaigns,daliaasaharti111,371,2,,"July 30, 2026",https://www.instagram.com/p/DbaRuwoNVgG/,
Dba3nWxNxdO,Other campaigns,mahahajibraheem,,111,4,"July 30, 2026",https://www.instagram.com/p/Dba3nWxNxdO/,yes
DZP0m7NI0XC,Alpha Plus,dona.335,,4,6,"June 6, 2026",https://www.instagram.com/p/DZP0m7NI0XC/,yes
DZdCK7IIOVx,Alpha Plus,shaimaaalassaad,,3,2,"June 11, 2026",https://www.instagram.com/p/DZdCK7IIOVx/,yes
DZktmWTIMTr,Alpha Plus,model.rahaf,,4,2,"June 14, 2026",https://www.instagram.com/p/DZktmWTIMTr/,yes
DZnEbkIoWYi,Alpha Plus,dr.hanouf97,,1,4,"June 15, 2026",https://www.instagram.com/p/DZnEbkIoWYi/,yes
DZw0JcytqfL,Other campaigns,daliaasaharti111,517,13,,"June 19, 2026",https://www.instagram.com/p/DZw0JcytqfL/,
DZzp3xzs4-O,Other campaigns,shosho_ibasha,12,3,,"June 20, 2026",https://www.instagram.com/p/DZzp3xzs4-O/,
DZ0h0BJogLF,Alpha Plus,hindalbaba,35,1,,"June 20, 2026",https://www.instagram.com/p/DZ0h0BJogLF/,
DZ46VJRNkpT,Alpha Plus,najlaagashar,4,0,,"June 22, 2026",https://www.instagram.com/p/DZ46VJRNkpT/,
DZ465mbNWcY,Alpha Plus,najlaa_saloon1,10,0,,"June 22, 2026",https://www.instagram.com/p/DZ465mbNWcY/,
DZ47vtJtuTz,Alpha Plus,najlaagashar,11,1,,"June 22, 2026",https://www.instagram.com/p/DZ47vtJtuTz/,
Dal2HMSsfRo,Parkville,ahdabyamanii,10,0,,"July 9, 2026",https://www.instagram.com/p/Dal2HMSsfRo/,
DbD0tPqi79K,Parkville,model.nour1,31,5,,"July 21, 2026",https://www.instagram.com/p/DbD0tPqi79K/,
